Empresa;Tabla;Fecha;Número;Importe;Detalle;Estado;En flows
Avanzia;Saldo inicial FIFO;01/01/2026;Saldo inicial a favor de Avanzia;$4.036.251,32;A:0011-00005637 ($4.036.251,32);Remanente $0,00;Saldo de apertura
Avanzia;Recibo de Venta FIFO;28/01/2026;X:0010-00319323;$2.179.536,00;A:0011-00005637 ($678.758,68), A:0013-00031053 ($618.340,00), A:0013-00031100 ($168.480,00), A:0013-00031183 ($48.600,00), A:0013-00031263 ($66.420,00), A:0013-00031361 ($49.000,00), A:0013-00031383 ($501.051,00), A:0013-00031438 ($48.886,32);Remanente $0,00;15114
Avanzia;Recibo de Venta FIFO;09/03/2026;X:0010-00320139;$8.000.000,00;A:0013-00031438 ($285.076,68), A:0013-00031520 ($70.794,00), A:0013-00031620 ($61.560,00), A:0013-00031650 ($172.370,00), A:0013-00031732 ($172.370,00), A:0013-00031733 ($103.600,00), A:0013-00031755 ($1.190.442,00), A:0013-00031802 ($211.562,00), A:0013-00031901 ($93.800,00), A:0013-00031989 ($235.520,00), A:0013-00032028 ($5.402.905,32);Remanente $0,00;18734
Avanzia;Recibo de Venta FIFO;10/04/2026;X:0010-00320874;$49.626,68;A:0013-00032028 ($49.626,68);Remanente $0,00;20429
Avanzia;Recibo de Venta FIFO;10/04/2026;X:0010-00320875;$1,00;A:0013-00032028 ($1,00);Remanente $0,00;Sin registro identificado
Avanzia;Nota de Crédito de Venta FIFO;27/05/2026;A:0017-00000047;$652.570,00;A:0013-00032645 ($652.570,00);Remanente $0,00;Sin registro identificado
Avanzia;Recibo de Venta FIFO;05/06/2026;X:0010-00322299;$3.000.000,00;A:0013-00032645 ($1.450.775,00), A:0013-00032885 ($98.766,56), A:0013-00032892 ($1.450.458,44);Remanente $0,00;17530
Avanzia;Nota de Crédito de Venta FIFO;17/06/2026;A:0011-00000544;$1.124.235,00;A:0013-00032892 ($1.124.235,00);Remanente $0,00;Sin registro identificado
Avanzia;Recibo de Venta FIFO;03/07/2026;X:0010-00322914;$2.383.442,24;A:0013-00032892 ($2.019.888,10), A:0013-00032981 ($98.781,57), A:0013-00033119 ($55.299,00), A:0013-00033177 ($163.923,29), A:0013-00033198 ($45.550,28);Remanente $0,00;18517
Avanzia;Recibo de Venta FIFO;08/07/2026;X:0010-00322991;$13.039.600,83;A:0013-00033198 ($106.523,13), A:0013-00033241 ($194.194,05), A:0013-00033274 ($242.937,77), A:0013-00033283 ($140.200,00), A:0013-00033304 ($229.090,00), A:0013-00033313 ($165.091,00), A:0013-00033335 ($195.522,95), A:0013-00033346 ($148.123,00), A:0013-00033364 ($4.062.103,82), A:0011-00005951 ($5.786.849,38), A:0011-00006012 ($162.540,00), A:0011-00006017 ($483.750,00), A:0011-00006018 ($1.122.675,73);Remanente $0,00;18303
Avanzia;Recibo de Venta FIFO;20/08/2026;X:0010-00323797;$4.000.000,00;A:0011-00006018 ($3.338.496,77), A:0013-00034237 ($661.503,23);Remanente $0,00;19407
Avanzia;Factura FIFO;28/01/2026;A:0011-00005637;$4.715.010,00;Saldo inicial a favor de Avanzia ($4.036.251,32), X:0010-00319323 ($678.758,68);Cubierta;Sí (ID 15116)
Avanzia;Factura FIFO;04/02/2026;A:0013-00031053;$618.340,00;X:0010-00319323 ($618.340,00);Cubierta;No — falta cargar
Avanzia;Factura FIFO;06/02/2026;A:0013-00031100;$168.480,00;X:0010-00319323 ($168.480,00);Cubierta;No — falta cargar
Avanzia;Factura FIFO;11/02/2026;A:0013-00031183;$48.600,00;X:0010-00319323 ($48.600,00);Cubierta;No — falta cargar
Avanzia;Factura FIFO;18/02/2026;A:0013-00031263;$66.420,00;X:0010-00319323 ($66.420,00);Cubierta;No — falta cargar
Avanzia;Factura FIFO;24/02/2026;A:0013-00031361;$49.000,00;X:0010-00319323 ($49.000,00);Cubierta;No — falta cargar
Avanzia;Factura FIFO;25/02/2026;A:0013-00031383;$501.051,00;X:0010-00319323 ($501.051,00);Cubierta;No — falta cargar
Avanzia;Factura FIFO;27/02/2026;A:0013-00031438;$333.963,00;X:0010-00319323 ($48.886,32), X:0010-00320139 ($285.076,68);Cubierta;No — falta cargar
Avanzia;Factura FIFO;03/03/2026;A:0013-00031520;$70.794,00;X:0010-00320139 ($70.794,00);Cubierta;No — falta cargar
Avanzia;Factura FIFO;09/03/2026;A:0013-00031620;$61.560,00;X:0010-00320139 ($61.560,00);Cubierta;No — falta cargar
Avanzia;Factura FIFO;10/03/2026;A:0013-00031650;$172.370,00;X:0010-00320139 ($172.370,00);Cubierta;No — falta cargar
Avanzia;Factura FIFO;13/03/2026;A:0013-00031732;$172.370,00;X:0010-00320139 ($172.370,00);Cubierta;No — falta cargar
Avanzia;Factura FIFO;13/03/2026;A:0013-00031733;$103.600,00;X:0010-00320139 ($103.600,00);Cubierta;No — falta cargar
Avanzia;Factura FIFO;17/03/2026;A:0013-00031755;$1.190.442,00;X:0010-00320139 ($1.190.442,00);Cubierta;No — falta cargar
Avanzia;Factura FIFO;19/03/2026;A:0013-00031802;$211.562,00;X:0010-00320139 ($211.562,00);Cubierta;No — falta cargar
Avanzia;Factura FIFO;26/03/2026;A:0013-00031901;$93.800,00;X:0010-00320139 ($93.800,00);Cubierta;No — falta cargar
Avanzia;Factura FIFO;01/04/2026;A:0013-00031989;$235.520,00;X:0010-00320139 ($235.520,00);Cubierta;No — falta cargar
Avanzia;Factura FIFO;08/04/2026;A:0013-00032028;$5.452.533,00;X:0010-00320139 ($5.402.905,32), X:0010-00320874 ($49.626,68), X:0010-00320875 ($1,00);Cubierta;No — falta cargar
Avanzia;Factura FIFO;27/05/2026;A:0013-00032645;$2.103.345,00;A:0017-00000047 ($652.570,00), X:0010-00322299 ($1.450.775,00);Cubierta;No — falta cargar
Avanzia;Factura FIFO;16/06/2026;A:0013-00032885;$98.766,56;X:0010-00322299 ($98.766,56);Cubierta;No — falta cargar
Avanzia;Factura FIFO;17/06/2026;A:0013-00032892;$4.594.581,54;X:0010-00322299 ($1.450.458,44), A:0011-00000544 ($1.124.235,00), X:0010-00322914 ($2.019.888,10);Cubierta;No — falta cargar
Avanzia;Factura FIFO;24/06/2026;A:0013-00032981;$98.781,57;X:0010-00322914 ($98.781,57);Cubierta;No — falta cargar
Avanzia;Factura FIFO;03/07/2026;A:0013-00033119;$55.299,00;X:0010-00322914 ($55.299,00);Cubierta;No — falta cargar
Avanzia;Factura FIFO;10/07/2026;A:0013-00033177;$163.923,29;X:0010-00322914 ($163.923,29);Cubierta;No — falta cargar
Avanzia;Factura FIFO;13/07/2026;A:0013-00033198;$152.073,41;X:0010-00322914 ($45.550,28), X:0010-00322991 ($106.523,13);Cubierta;No — falta cargar
Avanzia;Factura FIFO;15/07/2026;A:0013-00033241;$194.194,05;X:0010-00322991 ($194.194,05);Cubierta;No — falta cargar
Avanzia;Factura FIFO;16/07/2026;A:0013-00033274;$242.937,77;X:0010-00322991 ($242.937,77);Cubierta;No — falta cargar
Avanzia;Factura FIFO;17/07/2026;A:0013-00033283;$140.200,00;X:0010-00322991 ($140.200,00);Cubierta;No — falta cargar
Avanzia;Factura FIFO;20/07/2026;A:0013-00033304;$229.090,00;X:0010-00322991 ($229.090,00);Cubierta;No — falta cargar
Avanzia;Factura FIFO;21/07/2026;A:0013-00033313;$165.091,00;X:0010-00322991 ($165.091,00);Cubierta;No — falta cargar
Avanzia;Factura FIFO;22/07/2026;A:0013-00033335;$195.522,95;X:0010-00322991 ($195.522,95);Cubierta;No — falta cargar
Avanzia;Factura FIFO;22/07/2026;A:0013-00033346;$148.123,00;X:0010-00322991 ($148.123,00);Cubierta;No — falta cargar
Avanzia;Factura FIFO;23/07/2026;A:0013-00033364;$4.062.103,82;X:0010-00322991 ($4.062.103,82);Cubierta;Sí (ID 18506)
Avanzia;Factura FIFO;11/08/2026;A:0011-00005951;$5.786.849,38;X:0010-00322991 ($5.786.849,38);Cubierta;No — falta cargar
Avanzia;Factura FIFO;07/09/2026;A:0011-00006012;$162.540,00;X:0010-00322991 ($162.540,00);Cubierta;Sí (ID 20632)
Avanzia;Factura FIFO;08/09/2026;A:0011-00006017;$483.750,00;X:0010-00322991 ($483.750,00);Cubierta;Sí (ID 20633)
Avanzia;Factura FIFO;09/09/2026;A:0011-00006018;$4.461.172,50;X:0010-00322991 ($1.122.675,73), X:0010-00323797 ($3.338.496,77);Cubierta;Sí (ID 20634)
Avanzia;Factura FIFO;28/09/2026;A:0013-00034237;$1.507.744,00;X:0010-00323797 ($661.503,23);Parcial;Sí (ID 20635)
Avanzia;A cargar en flows;04/02/2026;A:0013-00031053;$618.340,00;;;No
Avanzia;A cargar en flows;06/02/2026;A:0013-00031100;$168.480,00;;;No
Avanzia;A cargar en flows;11/02/2026;A:0013-00031183;$48.600,00;;;No
Avanzia;A cargar en flows;18/02/2026;A:0013-00031263;$66.420,00;;;No
Avanzia;A cargar en flows;24/02/2026;A:0013-00031361;$49.000,00;;;No
Avanzia;A cargar en flows;25/02/2026;A:0013-00031383;$501.051,00;;;No
Avanzia;A cargar en flows;27/02/2026;A:0013-00031438;$333.963,00;;;No
Avanzia;A cargar en flows;03/03/2026;A:0013-00031520;$70.794,00;;;No
Avanzia;A cargar en flows;09/03/2026;A:0013-00031620;$61.560,00;;;No
Avanzia;A cargar en flows;10/03/2026;A:0013-00031650;$172.370,00;;;No
Avanzia;A cargar en flows;13/03/2026;A:0013-00031732;$172.370,00;;;No
Avanzia;A cargar en flows;13/03/2026;A:0013-00031733;$103.600,00;;;No
Avanzia;A cargar en flows;17/03/2026;A:0013-00031755;$1.190.442,00;;;No
Avanzia;A cargar en flows;19/03/2026;A:0013-00031802;$211.562,00;;;No
Avanzia;A cargar en flows;26/03/2026;A:0013-00031901;$93.800,00;;;No
Avanzia;A cargar en flows;01/04/2026;A:0013-00031989;$235.520,00;;;No
Avanzia;A cargar en flows;08/04/2026;A:0013-00032028;$5.452.533,00;;;No
Avanzia;A cargar en flows;27/05/2026;A:0013-00032645;$2.103.345,00;;;No
Avanzia;A cargar en flows;16/06/2026;A:0013-00032885;$98.766,56;;;No
Avanzia;A cargar en flows;17/06/2026;A:0013-00032892;$4.594.581,54;;;No
Avanzia;A cargar en flows;24/06/2026;A:0013-00032981;$98.781,57;;;No
Avanzia;A cargar en flows;03/07/2026;A:0013-00033119;$55.299,00;;;No
Avanzia;A cargar en flows;10/07/2026;A:0013-00033177;$163.923,29;;;No
Avanzia;A cargar en flows;13/07/2026;A:0013-00033198;$152.073,41;;;No
Avanzia;A cargar en flows;15/07/2026;A:0013-00033241;$194.194,05;;;No
Avanzia;A cargar en flows;16/07/2026;A:0013-00033274;$242.937,77;;;No
Avanzia;A cargar en flows;17/07/2026;A:0013-00033283;$140.200,00;;;No
Avanzia;A cargar en flows;20/07/2026;A:0013-00033304;$229.090,00;;;No
Avanzia;A cargar en flows;21/07/2026;A:0013-00033313;$165.091,00;;;No
Avanzia;A cargar en flows;22/07/2026;A:0013-00033335;$195.522,95;;;No
Avanzia;A cargar en flows;22/07/2026;A:0013-00033346;$148.123,00;;;No
Avanzia;A cargar en flows;11/08/2026;A:0011-00005951;$5.786.849,38;;;No
Condiseño;Recibo de Venta FIFO;21/04/2026;X:0010-00321132;$3.000.000,00;A:0013-00032096 ($760.298,71), A:0013-00032132 ($760.298,71), A:0013-00032370 ($47.208,00), A:0013-00032601 ($771.538,17), A:0017-00002449 ($660.656,41);Remanente $0,00;17152
Condiseño;Recibo de Venta FIFO;08/06/2026;X:0010-00322340;$1.500.000,00;A:0013-00032991 ($926.149,13), A:0000-00000403 ($500.000,00), A:0013-00033437 ($73.850,87);Remanente $0,00;19126
Condiseño;Recibo de Venta FIFO;20/08/2026;X:0010-00323798;$4.000.000,00;A:0013-00033437 ($676.446,13), A:0013-00033708 ($993.953,00), A:0013-00033799 ($72.977,21), A:0013-00033840 ($1.184.220,00), A:0013-00033842 ($96.600,00), A:0013-00034152 ($975.803,66);Remanente $0,00;19405
Condiseño;Recibo de Venta FIFO;17/09/2026;X:0010-00324300 + X:0010-00324301;$2.948.804,57;A:0013-00034152 ($270.418,40);Remanente $2.678.386,17;20286
Condiseño;Recibo de Venta FIFO;03/07/2026;X:0010-00322913;$500.000,00;A:0013-00033437 ($500.000,00);Remanente $0,00;20726
Condiseño;Factura FIFO;14/04/2026;A:0013-00032096;$760.298,71;X:0010-00321132 ($760.298,71);Cubierta;No — falta cargar
Condiseño;Factura FIFO;16/04/2026;A:0013-00032132;$760.298,71;X:0010-00321132 ($760.298,71);Cubierta;No — falta cargar
Condiseño;Factura FIFO;06/05/2026;A:0013-00032370;$47.208,00;X:0010-00321132 ($47.208,00);Cubierta;No — falta cargar
Condiseño;Factura FIFO;22/05/2026;A:0013-00032601;$771.538,17;X:0010-00321132 ($771.538,17);Cubierta;Sí (ID 17151)
Condiseño;Factura FIFO;27/05/2026;A:0017-00002449;$660.656,41;X:0010-00321132 ($660.656,41);Cubierta;No — falta cargar
Condiseño;Factura FIFO;24/06/2026;A:0013-00032991;$926.149,13;X:0010-00322340 ($926.149,13);Cubierta;No — falta cargar
Condiseño;Factura FIFO;02/07/2026;A:0000-00000403;$500.000,00;X:0010-00322340 ($500.000,00);Cubierta;Sí (ID 20725)
Condiseño;Factura FIFO;29/07/2026;A:0013-00033437;$1.250.297,00;X:0010-00322340 ($73.850,87), X:0010-00322913 ($500.000,00), X:0010-00323798 ($676.446,13);Cubierta;No — falta cargar
Condiseño;Factura FIFO;19/08/2026;A:0013-00033708;$993.953,00;X:0010-00323798 ($993.953,00);Cubierta;No — falta cargar
Condiseño;Factura FIFO;25/08/2026;A:0013-00033799;$72.977,21;X:0010-00323798 ($72.977,21);Cubierta;Sí (ID 19613)
Condiseño;Factura FIFO;27/08/2026;A:0013-00033840;$1.184.220,00;X:0010-00323798 ($1.184.220,00);Cubierta;Sí (ID 19615)
Condiseño;Factura FIFO;27/08/2026;A:0013-00033842;$96.600,00;X:0010-00323798 ($96.600,00);Cubierta;Sí (ID 19614)
Condiseño;Factura FIFO;21/09/2026;A:0013-00034152;$1.246.222,06;X:0010-00323798 ($975.803,66), X:0010-00324300 + X:0010-00324301 ($270.418,40);Cubierta;No — falta cargar
Condiseño;A cargar en flows;14/04/2026;A:0013-00032096;$760.298,71;;;No
Condiseño;A cargar en flows;16/04/2026;A:0013-00032132;$760.298,71;;;No
Condiseño;A cargar en flows;06/05/2026;A:0013-00032370;$47.208,00;;;No
Condiseño;A cargar en flows;27/05/2026;A:0017-00002449;$660.656,41;;;No
Condiseño;A cargar en flows;24/06/2026;A:0013-00032991;$926.149,13;;;No
Condiseño;A cargar en flows;29/07/2026;A:0013-00033437;$1.250.297,00;;;No
Condiseño;A cargar en flows;19/08/2026;A:0013-00033708;$993.953,00;;;No
Condiseño;A cargar en flows;21/09/2026;A:0013-00034152;$1.246.222,06;;;No
